#,Brand,Model,Year Start,Year End,BR,Sub Model,Doors,Seats,X,First Sample Container,Fitting Confirm
001,CHEVROLET,CAPTIVA,2019,2024,,,4,7,X1654,,Confirmed
002,CHEVROLET,TRAVERSE,2018,2025,,N2,4,7,X1438/X3066,R-97,Confirmed
003,DODGE,CHARGER,2016,2020,,N1,4,5,X1483,Container #76,Confirmed
004,DODGE,DURANGO,2013,2020,,N2,4,7,X1666,Container #88,Confirmed
005,FORD,EVEREST,2023,2025,,,4,7,X2079,,Confirmed
006,FORD,EXPEDITION,2008,2017,,,4,7,X0660,,Confirmed
007,FORD,EXPEDITION,2018,2024,,,4,7,X1567,Container #71,Confirmed
008,FORD,EXPLORER,2006,2011,,N1,4,7,X0649,,Confirmed
009,FORD,EXPLORER,2012,2015,,N1,4,7,X0644,,Confirmed
010,FORD,EXPLORER,2016,2019,,N1,4,7,X1173,,Confirmed
011,FORD,EXPLORER,2020,2025,,N1,4,7,X1752,,Confirmed
012,FORD,TAURUS,2008,2017,,,4,5,X0667,,Confirmed
013,FORD,TAURUS,2018,2022,,,4,5,X1784,,Confirmed
014,FORD,TAURUS,2023,2025,,,4,5,X3052,,Confirmed
015,FORD,TERRITORY,2022,2024,,,4,5,X1949,,Confirmed
016,FORD,VICTORIA,1998,2014,,,4,5,X0672,,Confirmed
017,GMC,ACADIA,2008,2016,,N1,4,7,X0828,Container #88,Confirmed
018,GMC,ACADIA,2017,2023,,,4,7,X1406,Container #88,Pending
019,GMC,SIERRA 2D,2010,2014,,,2,3,X1619,Container #91,Confirmed
020,GMC,YUKON,2003,2006,,N1,4,7,X0833,,Confirmed
021,GMC,YUKON,2007,2014,,N1,4,7,X0831,,Confirmed
022,GMC,YUKON,2015,2020,,,4,7,X1263,,Confirmed
023,GMC,YUKON,2021,2025,,,4,7,X1702,,Confirmed
024,HONDA,ACCORD,2008,2012,,,4,5,X0540,,Confirmed
025,HONDA,ACCORD,2013,2017,,,4,5,X0538,,Confirmed
026,HONDA,ACCORD,2018,2023,BR2,,4,5,X1486,,Confirmed
027,HONDA,ACCORD,2024,2025,BR2,,4,5,X2047,,Confirmed
028,HONDA,CIVIC ,2012,2015,,N2,4,5,X0545,Container #97,Confirmed
029,HONDA,CR-V,2012,2016,,,4,5,X0526,Container #97/JED,Pending
030,HONDA,HR-V,2022,2025,,N3/N4,4,5,X1898/X3089,Container #93,Confirmed
031,HYUNDAI,ACCENT,2006,2010,,,4,5,X0395,Container #97,Pending
032,HYUNDAI,ACCENT,2011,2017,BR1,N2,4,5,X0393,,Confirmed
033,HYUNDAI,ACCENT,2018,2023,,N1,4,5,X1561,,Confirmed
034,HYUNDAI,ACCENT,2024,2025,,N1,4,5,X2033,,Confirmed
035,HYUNDAI,CRETA,2016,2019,,N3,4,5,X1208,,Confirmed
036,HYUNDAI,CRETA,2020,2024,BR2,N1,4,5,X1739,,Confirmed
037,HYUNDAI,ELANTRA,2012,2015,BR1,N1,4,5,X0396,,Confirmed
038,HYUNDAI,ELANTRA,2012,2015,BR2,N2,4,5,X0397,,Confirmed
039,HYUNDAI,ELANTRA,2016,2019,BR1,N1,4,5,X1183,,Confirmed
040,HYUNDAI,ELANTRA,2016,2019,BR2,N2,4,5,X1359,,Confirmed
041,HYUNDAI,ELANTRA,2020,2025,BR1,N5,4,5,X1783/2034,,Confirmed
042,HYUNDAI,ELANTRA,2020,2025,BR1,N2,4,5,X2035/X1776,,Confirmed
043,HYUNDAI,ELANTRA,2020,2025,BR1,N3,4,5,X1783/X2034,,Confirmed
044,HYUNDAI,GRAND CRETA,2021,2025,BR2,,4,7,X3041,,Confirmed
045,HYUNDAI,H1,2014,2021,,N1,4,9,X1057,,Confirmed
046,HYUNDAI,KONA,2018,2025,,N1,4,5,X3082,,Confirmed
047,HYUNDAI,SANTA FE,2007,2012,,,4,7,X0342,R-97,Confirmed
048,HYUNDAI,SANTA FE,2013,2018,,,4,7,X0341,R-97,Confirmed
049,HYUNDAI,SANTA FE,2019,2023,BR2,,4,7,X1519,,Confirmed
050,HYUNDAI,SANTA FE,2024,2025,BR2,,4,7,X3021,Container #88,Confirmed
051,HYUNDAI,SONATA,2010,2014,BR1,N1,4,5,X0380,,Confirmed
052,HYUNDAI,SONATA,2015,2018,BR1,N1,4,5,X1004,,Confirmed
053,HYUNDAI,SONATA,2015,2018,BR2,N2,4,5,X1301 ,,Confirmed
054,HYUNDAI,SONATA,2019,2025,BR1,N2,4,5,X1753,,Confirmed
055,HYUNDAI,STARIA,2022,2024,,N1,4,9,X1910,,Confirmed
056,HYUNDAI,STARIA,2022,2024,,N2,4,11,X1913,Container # ,Confirmed
057,HYUNDAI,TUCSON,2010,2015,BR2,,4,5,X0349,,Confirmed
058,HYUNDAI,TUCSON,2016,2020,BR2,,4,5,X1140,,Confirmed
059,HYUNDAI,TUCSON,2021,2025,,N1,4,5,X1733,,Confirmed
060,HYUNDAI,VENUE,2018,2025,,N2,4,5,X3055,,Confirmed
061,ISUZU,D-MAX 4D,2023,2025,,N1,4,5,X2036,,Confirmed
062,ISUZU,DYNA NMR71H,2010,2025,,N1,2,3,X0856,Container #91,Confirmed
063,ISUZU,MU-X,2022,2025,,,4,7,,"Container #92, 106",Confirmed
064,KIA,CARENS,2022,2025,,N2,4,7,X1877,Container #91,Confirmed
065,KIA,CARNIVAL,2015,2020,,,4,7,X1010,,Confirmed
066,KIA,CARNIVAL,2021,2025,,,4,7,X1749,Container #91,Confirmed
067,KIA,CERATO,2010,2012,,N2,4,5,X0616,Container #91,Pending
068,KIA,CERATO,2018,2024,,N1,4,5,X1506,Container #88,Confirmed
069,KIA,K5,2023,2025,,N1,4,5,X1171,,Confirmed
070,KIA,OPTIMA,2015,2019,BR1,N1,4,5,X1198,Container #93,Confirmed
071,KIA,PEGAS,2020,2025,,N1,4,5,X1662,Container #90,Confirmed
072,KIA,SELTOS,2019,2025,BR2,N1,4,5,X1620,pending,Confirmed
073,KIA,SELTOS,2019,2025,BR2,N3,4,5,X2013,Container # ,Confirmed
074,KIA,SONET,2020,2025,,N1,4,5,X1850,Container #90,Confirmed
075,KIA,SORRENTO,2020,2024,BR2,,4,7,X1704,,Confirmed
076,KIA,SPORTAGE,2016,2021,BR2,,4,5,X1190,,Confirmed
077,KIA,SPORTAGE,2022,2024,,N1,4,5,X1879,,Confirmed
078,KIA,SPORTAGE,2025,2025,,N2,4,5,X3048,Container # ,Confirmed
079,KIA,TELLURIDE,2020,2025,,N1,4,7,X1574,Container # ,Pending
080,LEXUS,570,2008,2015,,,4,7,X0767,,Confirmed
081,MAZDA,6,2014,2018,BR2,,4,5,X0628,,Confirmed
082,MAZDA,6,2019,2025,BR2,,4,5,X1566,,Confirmed
083,MAZDA,CX-5,2018,2025,,N2,4,5,X1657,,Confirmed
084,MAZDA,CX-9,2008,2016,BR2,N1,4,7,X1110,,Confirmed
085,MAZDA,CX-9,2017,2025,BR2,N1,4,7,X1354,,Confirmed
086,MG,ONE,2023,2025,BR2,N1,4,5,X1958,Container #93,Confirmed
087,MG,T60 4D,2023,2025,,,4,5,,Container # 68,Pending
088,LEXUS,ES350,2007,2012,,N1,4,5,X0789,Container #113,Pending
089,MITSUBISHI,OUTLANDER,2020,2024,,N3,4,7,X1897,Container # ,Confirmed
090,MITSUBISHI,OUTLANDER,2020,2024,,N4,4,5,X1960,Container # 68,Pending
091,MITSUBISHI,PAJERO,2007,2021,BR2,N1,4,7,X0429,,Confirmed
092,NISSAN,ALTIMA,2019,2025,BR2 ,,4,5,X1556,,Confirmed
093,KIA,K3,2024,2025,BR1,,4,5,X2082,Container #112,Confirmed
094,NISSAN,ARMADA,2006,2017,,N1,4,7,X0224,Container #88,Confirmed
095,NISSAN,DATSUN 4D,2003,2009,,N1,4,5,X0323,Container # ,Confirmed
096,NISSAN,KICKS,2018,2025,BR2,N3,4,5,X1818,Container #88,Confirmed
097,NISSAN,PATHFINDER,2022,2025,,,4,7,X1841,,Confirmed
098,NISSAN,PATROL,1998,2009,,N1,4,7,X0260,,Confirmed
099,NISSAN,PATROL,2010,2024,,N1,4,7,X0255,,Confirmed
100,NISSAN,PATROL 2D,2005,2019,BR2,N1,2,4,X1266,Container #88,Confirmed
101,NISSAN,SUNNY,2012,2024,,N1 RHD,4,5,X0318,Container #90,Confirmed
102,NISSAN,SUNNY,2012,2019,,N4 FHD,4,5,X1075,Container #90,Pending
103,NISSAN,SUNNY,2020,2025,,N1,4,5,X1670,,Confirmed
104,NISSAN,X-TERRA,2020,2025,,,4,7,X1703,,Confirmed
105,NISSAN,X-TRAIL,2014,2022,,N1,4,7,X1077,,Confirmed
106,NISSAN,X-TRAIL,2023,2025,,N1,4,7,X1930,Container #88,Confirmed
107,NISSAN,X-TRAIL,2023,2025,,N2,4,5,X1940,,Confirmed
108,SUZUKI,BALENO,2015,2023,,N1,4,5,X1888,Container # ,Confirmed
109,SUZUKI,CIAZ,2014,2024,,N1,4,5,X1304,Container # ,Pending
110,SUZUKI,GRAND VITARA,2007,2016,,N1,4,5,X0793,Container #97,Confirmed
111,SUZUKI,GRAND VITARA,2022,2025,BR2,N1,4,5,X1970,Container # ,Pending
112,SUZUKI,JIMNY,2023,2025,BR2,N1,4,5,X2058,Container # ,Confirmed
113,SUZUKI,SWIFT DEZIRE,2018,2025,,,4,5,X1465,,Confirmed
114,TOYOTA,AVALON,2006,2012,,,4,5,X0135,,Confirmed
115,TOYOTA,AVALON,2013,2017,,,4,5,X1151,,Confirmed
116,TOYOTA,AVALON,2018,2023,BR2,,4,5,X1548,,Confirmed
117,LEXUS,ES350,2012,2017,,N1,4,5,X0788/X1321,Container #113,Confirmed
118,TOYOTA,CAMRY,2007,2011,BR2,N1,4,5,X0113,,Confirmed
119,TOYOTA,CAMRY,2012,2017,BR1,N2,4,5,X1182,,Confirmed
120,TOYOTA,CAMRY,2012,2017,BR2,N1,4,5,X0112,,Confirmed
121,TOYOTA,CAMRY,2018,2023,BR1,N3,4,5,X1479,,Confirmed
122,TOYOTA,CAMRY,2018,2023,BR2,N1,4,5,X1450,,Confirmed
123,TOYOTA,CAMRY,2024,2025,BR2,N1,4,5,X3030,,Confirmed
124,TOYOTA,COROLLA,2008,2013,BR1,N1,4,5,X0158,,Confirmed
125,TOYOTA,COROLLA,2008,2013,BR2,N2,4,5,X0159,,Confirmed
126,TOYOTA,COROLLA,2014,2017,BR1,N2,4,5,X0161,,Confirmed
127,TOYOTA,COROLLA,2014,2017,BR2,N1,4,5,X0160,,Confirmed
128,LEXUS,RX350,2013,2015,,N2,4,5,X1043,Container #113,Confirmed
129,TOYOTA,COROLLA,2018,2025,BR1,N1,4,5,X1573,,Confirmed
130,TOYOTA,COROLLA CROSS,2020,2025,BR2,N1,4,5,X1746,Container #71,Confirmed
131,TOYOTA,FJ CRUISER,2008,2020,BR2 ,,4,5,X0083,,Confirmed
132,TOYOTA,FORTUNER,2006,2015,,,4,7,X0082,,Confirmed
133,TOYOTA,FORTUNER,2016,2025,,,4,7,X1206,,Confirmed
134,TOYOTA,HIACE 2D,2006,2018,,N1 FHD,2,3,X1032,pending,Confirmed
135,TOYOTA,HIACE 2D,2019,2025,,N1,2,3,X1570,,Confirmed
136,TOYOTA,HIGHLANDER,2020,2025,,N1,4,7,X1707,,Confirmed
137,TOYOTA,HILUX 2D,2006,2015,,N2 SB,2,3,X0195,,Confirmed
138,TOYOTA,HILUX 2D,2016,2025,,N1 SS,2,2,X1335,pending,Confirmed
139,TOYOTA,HILUX 2D,2016,2025,,N2,2,3,X1259,,Confirmed
140,TOYOTA,HILUX 4D,2006,2015,,N1 SS,4,5,X0202,,Confirmed
141,TOYOTA,HILUX 4D,2006,2015,,N2 SB,4,5,X0203,,Confirmed
142,TOYOTA,HILUX 4D,2016,2025,,N1 SS,4,5,X1025,,Confirmed
143,TOYOTA,HILUX 4D,2016,2025,,N2 SB,4,5,X1141,,Confirmed
144,TOYOTA,HILUX 4D,2016,2025,,N3,4,5,X1148,,Confirmed
145,TOYOTA,INNOVA,2006,2015,,N1,4,7,X0096,,Confirmed
146,TOYOTA,INNOVA,2016,2022,,N1,4,7,X1212,,Confirmed
147,TOYOTA,INNOVA,2023,2025,,N3,4,7,X1996,Container #88,Confirmed
148,TOYOTA,LAND CRUISER,1998,2007,,N1,4,7,X0008,,Confirmed
149,TOYOTA,LAND CRUISER,2008,2015,,N1,4,7,X0001,Container # ,Confirmed
150,TOYOTA,LAND CRUISER,2008,2021,,N1,4,7,X0002,,Confirmed
151,TOYOTA,LAND CRUISER,2016,2021,,N1,4,7,,,Confirmed
152,TOYOTA,LAND CRUISER,2022,2025,,N1,4,7,X1763,,Confirmed
153,TOYOTA,LAND CRUISER,2016,2021,,N1,4,7,X002A,Container # ,Confirmed
154,TOYOTA,LAND CRUISER 2D,1990,2013,,,2,3,X0176,pending??,Confirmed
155,LEXUS,ES350H,2020,2024,,,4,5,X1592,Container #105,Confirmed
156,TOYOTA,PRADO,2003,2009,,N1,4,7,X0047,,Confirmed
157,TOYOTA,PRADO,2010,2020,,N1,4,7,X0038,,Confirmed
158,TOYOTA,PRADO,2021,2023,,N1,4,7,X1772,,Confirmed
159,TOYOTA,PRADO,2024,2026,,N1,4,7,X3015,,Confirmed
160,TOYOTA,RAIZE,2021,2025,,,4,5,X1829,Container #91,Confirmed
161,TOYOTA,RAV4,2006,2012,,,4,5,X0142,Container #91,Confirmed
162,TOYOTA,RAV4,2013,2017,BR2,,4,5,X1041,,Confirmed
163,TOYOTA,RAV4,2018,2025,,N1,4,5,X1562,,Confirmed
164,TOYOTA,RUSH,2017,2023,,,4,7,X1477,,Confirmed
165,TOYOTA,SEQUOIA,2008,2023,,N1,4,9,X0081,,Confirmed
166,TOYOTA,URBAN CRUISER,2016,2021,BR2,N2,4,5,X1814,,Confirmed
167,TOYOTA,URBAN CRUISER,2022,2025,BR2,,4,5,X1946,,Confirmed
168,TOYOTA,VELOZ,2023,2025,,,4,7,X1936,,Confirmed
169,TOYOTA,YARIS,2014,2020,BR1,N1,4,5,X0154,,Confirmed
170,TOYOTA,YARIS,2021,2024,BR1,N1,4,5,X1887,,Confirmed
171,HYUNDAI,H1,2014,2021,,N4,4,12,X0364,Container # ,Confirmed
172,GAC,GS8,2023,2025,,,4,7,,Container #105,Pending
173,ISUZU,D-MAX 4D,2017,2021,,N1 SS,4,5,X1462,Container # 99,Confirmed
174,MAZDA,CX90,2024,2025,BR2,,4,7,,Container #105,Confirmed
175,NISSAN,PATROL,2025,2026,,N2,4,7,X3117,Container #109,Confirmed
176,NISSAN,SENTRA,2012,2020,,N2,4,5,X0317,Container # 99,Confirmed
177,NISSAN,SENTRA,2012,2020,,N1,4,5,X0316,Container # 99,Confirmed
178,HYUNDAI,AZERA,2020,2024,,,4,5,,Container # 98,Confirmed
179,ISUZU,D-MAX 4D,2017,2021,,N3 SB,4,5,,Container # 99,Confirmed
180,NISSAN,X-TRAIL,2014,2022,,N2,4,5,X1078,Container # 115?,Confirmed
181,CHEVROLET,BLAZER,2020,2024,,N1,4,5,X1649,Container #113,Pending
182,TOYOTA,LAND CRUISER,2022,2025,,N3,4,7,X1878,Container #113,Confirmed
183,MITSUBISHI,XPANDER,2021,2024,,,4,7,X1706,Container #113,Confirmed
184,LEXUS,RX330,2003,2008,,N1,4,5,X0776,Container #115,Confirmed
185,FORD,EDGE,2006,2015,,,4,5,X0637,Container #126,Pending
186,HONDA ,ZR-V,2023,2024,,N1,4,5,X2064,Container #119,Confirmed
187,CHEVROLET,TRAVERSE,2025,2026,,N1,4,7,X3066,Container #126,Pending
188,HYUNDAI,ACCENT,2024,2025,,N2,4,5,X2042,Container #123,Confirmed
189,GMC ,TERRAIN ,2018,2023,,N2,4,5,X1545,Container #126,Confirmed
190,HYUNDAI,CRETA,2015,2019,,N1,4,5,X1167,Container #125,Confirmed
191,JETOUR,T2,2026,2026,,,4,5,X3011/X3023,Container #126,Confirmed
192,GMC,SIERRA 2D,2015,2020,,N1,2,3,X1204,Container #133,Pending
193,LEXUS,LX500,2022,2024,BR2,N1,4,7,X1827,Container #133,Confirmed
194,TOYOTA,RAV4 ,2026,2026,BR2 ,,4,5,,Container #133,Confirmed
195,FORD,TERRITORY,2025,2026,,,4,5,,Container #133,Confirmed
196,HYUNDAI,STARGAZER,2025,2026,BR2,,4,7,X3111,Container #133,Pending
197,MAZDA,3,2025,2026,,,4,5,,Container #133,Confirmed
198,MAZDA,CX-60,2025,2026,,,4,5,,Container #133,Pending
199,NISSAN,ALTIMA,2013,2018,BR2 ,,4,5,,Container #133,Confirmed
200,FORD,EXPEDITION,2025,2026,,,4,7,,Container #143,Pending
201,LEXUS,570,2016,2021,,,4,7,X1233,,Sampling
202,TOYOTA,COROLLA,2014,2017,BR1,N5,4,5,X1337,,Sampling
203,HYUNDAI,CRETA,2016,2019,BR1,N2,4,5,X1168,,Sampling
204,HYUNDAI,ACCENT,2024,2025,,N5,4,5,,,Sampling
205,SUZUKI,SWIFT ,2011,2014,BR1,N2,4,5,X0885,,Sampling
206,SUZUKI,SWIFT ,2014,2017,BR2,N2,4,5,X1577,,Sampling
207,SUZUKI,SWIFT ,2018,2026,BR1,N1,4,5,X1455,,Sampling
208,SUZUKI,SWIFT ,2018,2026,BR2,N2,4,5,X1456,,Sampling
209,RENAULT,DUSTER,2012,2013,BR1,N2,4,5,X1113,,Sampling
210,DODGE,CHARGER,2012,2013,BR2,N1,,5,X-1112,,Sampling
211,HYUNDAI,i10 GRAND NIOS,2019,2022,BR1,N1,4,5,X-1848,,Sampling
212,KIA,SORRENTO,2010,2014,,N1,4,7,X-0596,,Sampling
213,KIA ,SORRENTO,2015,2018,,N1,4,7,X-1008,,Sampling
214,TOYOTA,LAND CRUISER HT76,1990,2021,,N11,4,5,X-1393,,Sampling
215,TOYOTA,CROWN,2023,2026,,,,5,,,Sampling
216,MITSUBISHI,L-200,2025,2026,,,,,,,Sampling
217,KIA,SONET,2020,2026,,,,,,,Sampling
218,GWM,HAVAL H9,2025,2027,,,,,,,Sampling